id,group,title,date_display,y_earliest_astro,y_latest_astro,certainty_class,lanes,summary_our_words,verses,lead_sources,status,anchor_grades_checked,sources_checked,dispute_positions,transcript_or_data_flags,notes
H01,Israel/ANE,Patriarchal narratives (Abraham to Jacob),No absolute date (narrative sequence only),,,F/G,israel-judah,"Genesis 11:27-50:26 tells of Abraham, Isaac and Jacob. No inscription or archive names them, and the biblical numbers that would date them are disputed (Exod 12:40 MT vs LXX/SP; 1 Kgs 6:1). Shown beside the axis as a sequence, not on it.",Gen 11:31; Gen 12:4; Exod 12:40; 1Kgs 6:1,"History-Israel/The Real History of Biblical Israel; History-Israel/The ENTIRE History of Ancient Israel to Fall Asleep (says, correctly, that no inscription names Abraham)",UNVERIFIED,P1 (text only),"bible.db BSB (verses read); CL #19 VERDICT (genealogies forbid a precise year-count; P3); CL #17 VERDICT (short sojourn a defensible option, 0.50; P3)","Sojourn length: 430 years in Egypt (Exod 12:40 MT) vs 430 years including Canaan (LXX/SP; Gal 3:17); traditional dates c. 2100-1800 BC are arithmetic, not evidence",,By design: no year on the axis (CL #19). Status stays UNVERIFIED for any date; the narrative itself is P1 for what the text says.
H02,Israel/ANE,Hyksos rule at Avaris; expelled by Ahmose I,c. 1650-1550 BC; expulsion c. 1550-1540 BC,-1649,-1539,C,egypt; canaan-phoenicia,A dynasty of West Semitic origin ruled the Nile Delta from Avaris until Ahmose I drove it out and reunified Egypt.,,History-Israel/The Concise History of Ancient Canaan; History-Israel/The ENTIRE History of the Jews; History-Israel/Exodus Evidence (re-cut of The Exodus Decoded),P3-ONLY,P3,"P3 Israel history Appendix C (Rix/History/_Israel Build/04 - Draft/Appendix C - Chronological Anchors.md) (Bietak, Tell el-Dab'a; king-lists); Wikipedia ""Hyksos"" opened as pointer only (P4)",Exact start and end within the range vary with Egyptian chronology,Exodus Evidence: equates the expulsion with the Exodus (overclaim; rejected by Bietak),Britannica returned 403; no P2 opened today.
H03,Israel/ANE,Thera (Santorini) eruption,DISPUTED: c. 1600s BC (radiocarbon) vs c. 1550-1500 BC (archaeological); 2025 study: before Ahmose I,-1629,-1499,D,greece-aegean; egypt,A massive eruption on Thera buried Akrotiri and spread ash across the eastern Mediterranean. Its date is one of the longest-running calibration disputes in the region.,,History-Israel/Exodus Evidence,DISPUTED,P2; P3,"P2 Bruins & van der Plicht, PLOS ONE 10 Sep 2025, https://journals.plos.org/plosone/article?id=10.1371/journal.pone.0330702 (eruption older than Ahmose I); P2-lite https://phys.org/news/2025-10-radiocarbon-dating-egyptian-artifacts-thera.html; P3 Israel history Appendix C (Rix/History/_Israel Build/04 - Draft/Appendix C - Chronological Anchors.md)",Radiocarbon on short-lived organics (17th c. BC) | Egyptian-synchronized archaeology (16th c. BC) | 2025 redating before Ahmose (Second Intermediate Period),"Exodus Evidence: Santorini pumice at Avaris ""proves"" the ash cloud and the plagues (overclaim)",No argument should rest on one synchronism in a chronology still moving (Israel App C).
H04,Israel/ANE,"Amarna letters, incl. Abdi-Heba of Jerusalem",c. 1353-1336 BC (Akhenaten's reign and its neighbors),-1359,-1331,B/C,egypt; canaan-phoenicia,"The Egyptian court archive at Amarna preserves letters from Canaanite rulers, including several from Abdi-Heba of Jerusalem complaining of the Habiru.",,History-Israel/Jerusalem History Documentary (1350 BCE - PRESENT),VERIFIED,P1; P3,"P1 Knudtzon, Die El-Amarna-Tafeln vol. 1 (1915), primary_evidence.db doc 4164 (Abdihiba of Jerusalem discussed with the Habiru; read today); date range: P3 Israel history Appendix C (Rix/History/_Israel Build/04 - Draft/Appendix C - Chronological Anchors.md)",Egyptian regnal chronology varies by a decade or two,,Knudtzon is German + Akkadian with OCR-degraded diacritics.
H05,Israel/ANE,Battle of Kadesh (Ramesses II vs Muwatalli II),1274 BC (low chronology; Ramesses II year 5),-1273,-1273,B/C,egypt; hittites,"Egyptian and Hittite armies fought at Kadesh on the Orontes; both sides claimed success, and the rivalry ended sixteen years later in a treaty.",,History-Israel/Lost Worlds: Lost City of the Bible; History-Israel/The Concise History of Ancient Canaan,P3-ONLY,P3,"P3 Israel history Appendix C (Rix/History/_Israel Build/04 - Draft/Appendix C - Chronological Anchors.md); Wikipedia ""Battle of Kadesh"" and ""Hattusili III"" opened as pointers (P4)",High Egyptian chronology puts it about 20 years earlier,"Lost Worlds: ""Prince Hattusili ... appointed commander in chief of the Hittite army"" in 1274 (overstated; King Muwatalli II led, Hattusili served under him)",Britannica 403; the ISAC lecture page 404.
H06,Israel/ANE,"Merneptah Stele names ""Israel""",c. 1208 BC (Merneptah year 5),-1207,-1206,B,egypt; israel-judah,"A victory hymn of Pharaoh Merneptah lists ""Israel"" among defeated foes, written with the sign for a people rather than a land: the earliest secure mention of Israel outside the Bible.",,"History-Israel/Jewish History - Evidence Of Ancient Israel (3 uploads); History-Israel/History of Ancient Israel Full DOCUMENTARY (""1207""); History-Israel/The Concise History of Ancient Canaan",VERIFIED,P2; P3,"P2 Biblical Archaeology Society sidebar ""Dating the Exodus"" https://library.biblicalarchaeology.org/sidebar/dating-the-exodus/ (Merneptah c. 1208); P3 Israel history Appendix C (Rix/History/_Israel Build/04 - Draft/Appendix C - Chronological Anchors.md) (Cairo CG 34025)",,,"1207 vs 1208 reflects Egyptian chronology, not an error."
H07,Israel/ANE,The Exodus,DISPUTED: c. 1446 BC | c. 1270-1260 BC | no mass exodus / small kernel,-1445,-1249,F,israel-judah; egypt,"Israel's departure from Egypt under Moses. No Egyptian text names Moses, the plagues or a mass departure, and three positions on its date compete.",Exod 1:11; Exod 12:40; 1Kgs 6:1,"History-Israel/The Incredible History of the Jewish Temple (""1446 BC"" stated flatly); History-Israel/Exodus Evidence (Hyksos = Exodus, c. 1500/1470); History-Israel/Jewish History trio (window c. 1275-1208); History-Israel/Bible Secrets Revealed S1E2",DISPUTED,P2; P3,"P2 BAS sidebar https://library.biblicalarchaeology.org/sidebar/dating-the-exodus/ (early 1446 from 1 Kgs 6:1; late under Ramesses II); P2 BAS https://www.biblicalarchaeology.org/daily/biblical-topics/exodus/exodus-fact-or-fiction/; P3 Israel history Appendix C (Rix/History/_Israel Build/04 - Draft/Appendix C - Chronological Anchors.md) Contested Chronologies (names the minimalist position: Finkelstein, Dever, Faust and others)","Early date c. 1446 (Wood, Petrovich) | Late date c. 1270-1260 (Kitchen, Hoffmeier; Exod 1:11 ""Rameses"") | Non-historical or minimal kernel (Finkelstein, Silberman, Dever, Faust)","Exodus Evidence: Exodus = Hyksos expulsion ""cracked"" (FAILS; rejected by Bietak); The Incredible History of the Jewish Temple: one position stated as fact",No P2 page opened today states the minimalist position; it is carried by P3. Larry has no ruling: draw all three.
H08,Israel/ANE,Late Bronze Age collapse,c. 1200-1150 BC,-1199,-1149,E,egypt; hittites; canaan-phoenicia; greece-aegean,"Palace states across the eastern Mediterranean fell within a few decades: Hatti, Ugarit, Mycenaean Greece. Egypt survived, weakened; the Philistines settled the southern coast.",Amos 9:7,History-Israel/Who were the Philistines; History-Israel/The Concise History of Ancient Canaan; History-Israel/Ancient Israel and Assyria (Part I),VERIFIED,P2; P3,"P2 BMCR review of Cline, 1177 B.C., https://bmcr.brynmawr.edu/2015/2015.08.37/ (destructions ""around 1200 B.C.""; 1177 as marker); P3 Israel history Appendix C (Rix/History/_Israel Build/04 - Draft/Appendix C - Chronological Anchors.md) (40-50 years as estimate)",,,"The 1200-1150 span is P3; the P2 page gives ""around 1200"" with 1177 as a marker."
H09,Israel/ANE,Reign of David; Jerusalem under Israelite control,c. 1010-970 BC (biblical reckoning); scale and Iron Age dating disputed,-1009,-969,F,israel-judah,"David reigns from Hebron and then Jerusalem. The Tel Dan Stele (9th c. BC) names the ""House of David."" How large his kingdom was, and which buildings belong to his century, are live disputes.",2Sam 5:4,"History-Israel/Jewish History trio (Megiddo gate presented as Solomonic, settled); History-Israel/Kingdom Of David & Solomon; History-Israel/The ENTIRE History of Israel (""capital around 993 BC"")",DISPUTED,P3,P3 Israel history Appendix C (Rix/History/_Israel Build/04 - Draft/Appendix C - Chronological Anchors.md) (Contested Chronologies: Yadin high chronology; Finkelstein Low Chronology; A. Mazar modified conventional; Garfinkel vs Finkelstein-Piasetzky on Khirbet Qeiyafa; Weizmann Iron Age Dating Project); Tel Dan Stele: primary_evidence.db ane_texts summary only (P4 pointer),High (conventional) chronology: monumental gates are 10th-c. Solomonic (Yadin) | Low Chronology: same strata 9th-c. Omride (Finkelstein) | Modified conventional (A. Mazar),Jewish History trio: the Megiddo gate dated by Shishak 925 and assigned to Solomon as settled (minority-as-fact),The date range itself is not seriously contested; the scale is. No P2 opened today.
H10,Israel/ANE,The kingdom divides (Rehoboam and Jeroboam),DISPUTED by scheme: 931/930 BC (Thiele) | 928 BC (Cogan table) | 932 BC (Themelios revision),-931,-925,C,israel-judah,"After Solomon, the northern tribes make Jeroboam king; Judah stays with Rehoboam. The fact is not contested; the year depends on the chronology scheme for the kings.",1Kgs 12:20,"History-Israel/The Real History of Biblical Israel (""928 before Christ"")",DISPUTED,P2; P3,"P2 Themelios, ""Has the Chronology of the Hebrew Kings Been Finally Settled?"" https://www.thegospelcoalition.org/themelios/article/has-the-chronology-of-the-hebrew-kings-been-finally-settled/ (Thiele 931/930; its own 932); P2 Posen Library table (after Cogan) https://www.posenlibrary.com/entry/kings-israel-and-judah (""928""); P3 Israel history Appendix C (Rix/History/_Israel Build/04 - Draft/Appendix C - Chronological Anchors.md)","Thiele 931/930 | Cogan 928 | Themelios 932 | Hayes-Hooker 926 (search snippet only; not opened, does not count)",The Real History of Biblical Israel: one scheme (928) stated as fact,The scheme toggle (Section 5.2) redraws all the kings at once.
H11,Israel/ANE,Shoshenq I (Shishak) campaigns in the Levant,c. 925 BC (Rehoboam's fifth year),-925,-916,B/C,egypt; israel-judah,Pharaoh Shoshenq I raids Judah and Israel; his Karnak relief lists about 150 places. Kings dates the attack to Rehoboam's fifth year.,1Kgs 14:25,History-Israel/Jewish History trio; History-Israel/18. Egypt - Fall of the Pharaohs,VERIFIED,P1; P2,P1 1 Kgs 14:25 (bible.db); P2 BAS https://www.biblicalarchaeology.org/daily/people-cultures-in-the-bible/people-in-the-bible/shishaks-campaign-a-meeting-of-archaeology-and-the-bible/ (reign 945-925; Bubastite Portal list; Jerusalem not on it),Exact year depends on Egyptian and Judahite chronology,,
H12,Israel/ANE,"Battle of Qarqar; ""Ahab the Israelite""",853 BC,-852,-852,B,assyria; israel-judah; aram,"Shalmaneser III fights a coalition of western kings at Qarqar. His monolith lists ""Ahab the Israelite"" with 2,000 chariots and 10,000 soldiers.",1Kgs 16:29,History-Israel/Ancient Israel and Assyria (Part I); History-Israel/The Concise History of Ancient Canaan,VERIFIED,P1; P3,P1 Kurkh Monolith translation at https://cojs.org/kurkh_stele-_853_bce/ ; P3 Israel history Appendix C (Rix/History/_Israel Build/04 - Draft/Appendix C - Chronological Anchors.md),,,"The 2,000-chariot figure is suspected by several scholars to be an error for 200 (P3); not confirmed on a P2 page today."
H13,Israel/ANE,Jehu pays tribute to Shalmaneser III (Black Obelisk),841 BC,-840,-840,B,assyria; israel-judah,"The Black Obelisk shows Jehu, or his envoy, bowing before Shalmaneser III; it is the only surviving picture of an Israelite king.",2Kgs 9:24; 2Kgs 10:32,History-Israel/Ancient Israel and Assyria (Part I),VERIFIED,P2; P3,"P2 Themelios, ""Has the Chronology of the Hebrew Kings Been Finally Settled?"" https://www.thegospelcoalition.org/themelios/article/has-the-chronology-of-the-hebrew-kings-been-finally-settled/ (841 for Jehu's tribute); P3 Israel history Appendix C (Rix/History/_Israel Build/04 - Draft/Appendix C - Chronological Anchors.md); British Museum object page returned 403",Who killed Joram and Ahaziah: Tel Dan Stele (the Aramean king) vs 2 Kgs 9 (Jehu),,"The Tel Dan vs 2 Kings question is a separate dispute row in the full build (Israel App A, D4)."
H14,Israel/ANE,Fall of Samaria; end of the northern kingdom,DISPUTED: 722 BC (Shalmaneser V) | 723 BC | 720 BC (Sargon II's claim),-722,-719,B/C,assyria; israel-judah,Assyria takes Samaria after a three-year siege and deports its people. Shalmaneser V took the city; Sargon II later claimed the conquest and the deportation.,2Kgs 17:6; 2Kgs 18:10,History-Israel/The ENTIRE History of Ancient Israel to Fall Asleep; History-Israel/The Concise History of Ancient Canaan; History-Israel/13. The Assyrians - Empire of Iron,DISPUTED,P1; P2; P3,"P1 Babylonian Chronicle at https://cojs.org/the_babylonian_chronicle-_722_bce/ (Shalmaneser ""shattered Samaria""); P2 Themelios, ""Has the Chronology of the Hebrew Kings Been Finally Settled?"" https://www.thegospelcoalition.org/themelios/article/has-the-chronology-of-the-hebrew-kings-been-finally-settled/ (723); P3 Israel history Appendix C (Rix/History/_Israel Build/04 - Draft/Appendix C - Chronological Anchors.md) (Sargon II reconquest 720)",722 (Shalmaneser V) | 723 (Themelios) | 720 (Sargon II's own annals),,The kingdom had ceased by 720 on every view.
H15,Israel/ANE,Sennacherib's campaign against Judah,701 BC,-700,-700,B,assyria; israel-judah; kush,"Sennacherib takes the fortified towns of Judah, besieges Lachish, and shuts Hezekiah in Jerusalem, but does not take the city. Kings mentions Tirhakah of Kush marching against him.",2Kgs 18:13; 2Kgs 19:9,History-Israel/Sifting The Evidence (Sinkinson); History-Israel/The ENTIRE History of the Jews; History-Israel/13. The Assyrians - Empire of Iron,VERIFIED,P2; P3,"P2 Themelios, ""Has the Chronology of the Hebrew Kings Been Finally Settled?"" https://www.thegospelcoalition.org/themelios/article/has-the-chronology-of-the-hebrew-kings-been-finally-settled/ (701); P1 Taylor/Chicago Prism quoted from Grayson, RINAP 3/1 no. 22, via https://www.bible.ca/manuscripts/bible-archeology-Sennacherib-Assyria-inscriptions-annals-Taylor-Chicago-Prism-Hezekiah-alliance-Tirhakah-Egypt-Jerusalem-Ekron-Moab-Edom-701BC.htm (host is not P2; the edition is); P3 Israel history Appendix C (Rix/History/_Israel Build/04 - Draft/Appendix C - Chronological Anchors.md)","Why Sennacherib withdrew (Israel App A, E3)","The ENTIRE History of the Jews: calls Sennacherib ""the Assyrian general"" (he was king)",Lachish pages not opened today.
H16,Israel/ANE,Jerusalem surrenders; first deportation (Jehoiachin),"2 Adar, Nebuchadnezzar year 7 = February/March 597 BC (16 March in Israel App C)",-596,-596,A,babylon; israel-judah,"Nebuchadnezzar besieges Jerusalem, takes the city on the second of Adar, captures its king and appoints one of his own choosing.",2Kgs 24:12; Jer 52:28,History-Israel/History of Ancient Israel Full DOCUMENTARY; History-Israel/Jerusalem History Documentary; History-Israel/20. Persia - An Empire in Ashes,VERIFIED,P1; P2; P3,P1 Babylonian Chronicle ABC 5 (BM 21946) translation at https://www.livius.org/sources/content/mesopotamian-chronicles-content/abc-5-jerusalem-chronicle/ ; https://www.jhalsey.com/jerusalem-book/standard/chronicles/bm21946.html ; P3 Israel history Appendix C (Rix/History/_Israel Build/04 - Draft/Appendix C - Chronological Anchors.md),,"20. Persia - An Empire in Ashes: a thirty-month siege in 597 with the Temple burned (conflates 597 with 588-586); primary_evidence.db: ""Arahsamnu 597"" (wrong month; Arahsamnu is the month Cyrus entered Babylon in 539)",The chronicle gives the Babylonian date; the Julian day is a modern conversion.
H17,Israel/ANE,Jerusalem and the First Temple destroyed,DISPUTED: 587 BC vs 586 BC (Nebuchadnezzar year 19),-586,-585,C,babylon; israel-judah,Babylon burns the Temple and the city in the fifth month of Nebuchadnezzar's nineteenth year. Kings says the seventh day of the month; Jeremiah says the tenth.,2Kgs 25:8; Jer 52:12,History-Israel/History of Ancient Israel Full DOCUMENTARY; History-Israel/Jerusalem History Documentary; History-Israel/The ENTIRE History of the Jews,DISPUTED,P1; P2; P3,"P1 2 Kgs 25:8, Jer 52:12 (bible.db, read); P2 Themelios, ""Has the Chronology of the Hebrew Kings Been Finally Settled?"" https://www.thegospelcoalition.org/themelios/article/has-the-chronology-of-the-hebrew-kings-been-finally-settled/ (586; notes 587); P3 Israel history Appendix C (Rix/History/_Israel Build/04 - Draft/Appendix C - Chronological Anchors.md) Contested Chronologies; Wikipedia ""Siege of Jerusalem (587 BC)"" as pointer",586 (Thiele; majority handbooks) | 587 (Albright; Young; Judah's own regnal reckoning),,No Babylonian Chronicle tablet survives for these years. The day differs too (7th vs 10th of Av).
H18,Israel/ANE,Babylon falls to Cyrus,16 Tashritu = c. 12 October 539 BC; Cyrus enters 3 Arahsamnu (c. 29 October),-538,-538,A,persia; babylon,Cyrus's army under Ugbaru enters Babylon without a battle; Cyrus himself arrives about two weeks later. The next year he allows exiles to return.,Dan 5:30; Ezra 1:1,History-Israel/History of Ancient Israel Full DOCUMENTARY; History-Israel/20. Persia - An Empire in Ashes; History-Israel/The Entire History of the Persian Achaemenid Empire,VERIFIED,P1; P2,"P1 Nabonidus Chronicle (ABC 7, BM 35382) at https://www.jhalsey.com/jerusalem-book/standard/chronicles/bm35382.html ; P2 https://achaemenica.org/articles/the-fall-of-babylon",,,"Daniel 5:30 names Belshazzar's death that night; the chronicle names Ugbaru (Gubaru) entering, not Cyrus."
H19,Israel/ANE,Second Temple completed,"3 Adar, Darius I year 6 = early 515 BC (516/515)",-515,-514,B,persia; israel-judah,"Work on the Temple, resumed in 520 under Haggai and Zechariah, is finished in Darius's sixth year.",Ezra 6:15,History-Israel/The ENTIRE History of Israel; History-Israel/History of Ancient Israel Full DOCUMENTARY; History-Israel/Jerusalem History Documentary,VERIFIED,P1; P3,"P1 Ezra 6:15 (bible.db, read: ""third day of the month of Adar, in the sixth year of the reign of King Darius""); conversion: P3 Israel history Appendix C (Rix/History/_Israel Build/04 - Draft/Appendix C - Chronological Anchors.md)",,"The ENTIRE History of Israel: says construction ""began"" in 516 (it was completed then; work resumed in 520)",
H20,Israel/ANE,Missions of Ezra and Nehemiah,DISPUTED: Ezra 458 & Nehemiah 445 | Nehemiah 445 & Ezra 398 | Ezra c. 428,-457,-397,C,persia; israel-judah,"Ezra comes ""in the seventh year of King Artaxerxes"" and Nehemiah ""in the twentieth year."" Which Artaxerxes Ezra served decides the order.",Ezra 7:7; Ezra 7:8; Neh 2:1,History-Israel/History of Ancient Israel Full DOCUMENTARY,DISPUTED,P1; P2; P3,"P1 Ezra 7:7-8, Neh 2:1 (bible.db); P2 Themelios ""The Reverse Order of Ezra-Nehemiah Reconsidered"" https://www.thegospelcoalition.org/themelios/article/the-reverse-order-of-ezra-nehemiah-reconsidered/ ; P3 Israel history Appendix C (Rix/History/_Israel Build/04 - Draft/Appendix C - Chronological Anchors.md)","Traditional: Ezra 458, Nehemiah 445 (Artaxerxes I) | Reverse: Nehemiah 445, Ezra 398 (Artaxerxes II) | Intermediate: Ezra c. 428","History of Ancient Israel Full DOCUMENTARY: ""In 458 BC, Nehemiah was appointed governor"" (wrong: 458 is Ezra's traditional date; Nehemiah 445)","Themelios notes the reverse order ""dominated for over two decades"" and the traditional order has regained support."
H21,Israel/ANE,Antiochus IV desecrates the Temple; Maccabees rededicate it,15 Chislev 145 SE (December 167 BC); rededication 25 Chislev 148 SE (December 164 BC),-166,-163,A/B,hellenistic; israel-judah; second-temple,"The Seleucid king sets up the ""abomination of desolation"" on the altar; three years later Judas Maccabeus's forces cleanse and rededicate the Temple (Hanukkah).",Dan 11:31,History-Israel/History of Ancient Israel Full DOCUMENTARY; History-Israel/The ENTIRE History of Israel; History-Israel/Jerusalem History Documentary,VERIFIED,P1; P3,"P1 1 Macc 1:54 and 4:52 (KJV Apocrypha, primary_evidence.db doc 4173, read: ""fifteenth day of the month Casleu, in the hundred forty and fifth year""; ""five and twentieth day ... Casleu, in the hundred forty and eighth year""); Seleucid-era conversion: P3 Israel history Appendix C (Rix/History/_Israel Build/04 - Draft/Appendix C - Chronological Anchors.md)",,"History of Ancient Israel Full DOCUMENTARY: ""In 153 BC ... civil war between Demetrius II and Alexander Balas"" (wrong rival: Balas fought Demetrius I, 152-150; Demetrius II rose against Balas in 146-145; Livius https://www.livius.org/articles/person/alexander-i-balas/ )",Macedonian vs Babylonian Seleucid-era epochs differ by six months; both land in Dec 167 / Dec 164 here.
R01,Rome,Traditional founding of Rome,21 April 753 BC (Varro's reckoning; tradition),-752,-752,G,rome,"Roman tradition dates Romulus's founding to 753 BC, a date worked out in the first century BC by counting consular years back. Archaeology shows hilltop villages joining over time.",,"History-Rome/The Complete History of Rome, Summarized (calls it a reconstruction); History-Rome/Complete History Of The Roman Republic; History-Rome/The ENTIRE History of Rome Explained; History-Rome/The Roman Empire - Episode 1",P3-ONLY,P3,"P3 Rome history narrative (A History of Rome - From the Kings to the Fall of Constantinople.md) Part I (Varro: consular years plus 244 years for seven kings; Palatine finds do not ""confirm"" 753); Wikipedia ""Founding of Rome"" as pointer",Other ancient foundation dates exist (not confirmed on a fetched page today),,"Class G: drawn as a tradition band, never as a point."
R02,Rome,Gauls sack Rome,DISPUTED: 390 BC (Varronian) vs 387/386 BC (Polybius),-389,-385,C,rome,A Gallic war band defeats a Roman army at the Allia and sacks the city.,,History-Rome/Complete History Of The Roman Republic (390); History-Rome/The Roman Empire - Episode 1 (386 and 392),DISPUTED,P3,"P3 Rome history Appendix A (Rix/History/A History of Rome - From the Kings to the Fall of Constantinople.md) rows A32-A33 (387/386 preferred; ""traditionally 390""); Wikipedia ""Sack of Rome (390 BC)"" as pointer",390 (Varronian list) | 387/386 (Polybius; Greek synchronism),The Roman Empire - Episode 1: 392 for the march (a third figure),No P2 opened today.
R03,Rome,Carthage destroyed,146 BC,-145,-145,B,rome; carthage,Rome takes and destroys Carthage at the end of the Third Punic War; Corinth falls the same year.,,History-Rome/Complete History Of The Roman Republic,VERIFIED,P2; P3,"P2-lite Livius https://www.livius.org/articles/place/carthage/ (146); P3 Rome history narrative (A History of Rome - From the Kings to the Fall of Constantinople.md) (salting is a modern legend); Wikipedia ""Salting the earth"" as pointer to Ridley 1986 (not opened)",,Complete History Of The Roman Republic: the city was salted (legend-as-fact; no ancient source),
R04,Rome,Pompey takes Jerusalem,63 BC,-62,-62,B,rome; israel-judah; second-temple,Pompey intervenes in the Hasmonean civil war and storms the Temple Mount; Judea becomes a Roman dependency.,,History-Israel/History of Ancient Israel Full DOCUMENTARY; History-Israel/Judea Under Roman Rule; History-Israel/1st Century Israel Judaea; History-Rome/Complete History Of The Roman Republic,VERIFIED,P1; P3,"P1 Josephus, Ant. 14.66 (Whiston; primary_evidence.db doc 4172, read: ""the third month, on the day of the fast ... when Caius Antonius and Marcus Tullius Cicero were consuls"" = 63 BC); P3 Israel history Appendix C (Rix/History/_Israel Build/04 - Draft/Appendix C - Chronological Anchors.md)",,,Tacitus and Cicero also attest it (P3).
R05,Rome,Julius Caesar assassinated,15 March 44 BC,-43,-43,A,rome,"Senators kill Caesar, dictator for life, at a meeting of the Senate on the Ides of March.",,History-Rome/How Rome Forged an Epic Empire; History-Rome/Who Were The Greatest Caesars (Robinson),VERIFIED,P1; P3,"P1 Suetonius, Julius 80-82 (LacusCurtius) https://penelope.uchicago.edu/Thayer/E/Roman/Texts/Suetonius/12Caesars/Julius*.html ; P3 Rome history narrative (A History of Rome - From the Kings to the Fall of Constantinople.md)",,,"The year comes from the consular dating, not Suetonius's sentence itself."
R06,Rome,Battle of Actium,2 September 31 BC,-30,-30,A,rome; egypt,Agrippa's fleet defeats Antony and Cleopatra at the mouth of the Ambracian Gulf; Octavian becomes master of the Roman world.,,"History-Rome/Complete History Of The Roman Republic; History-Rome/The Complete History of Rome, Summarized; History-Rome/The ENTIRE History of Rome Explained",VERIFIED,P1; P3,"P1 Cassius Dio 50.4 (war declared on Cleopatra), 50.12 (Ambracian Gulf), 56.30 (reign counted from Actium, implying 2 Sept) at https://penelope.uchicago.edu/Thayer/E/Roman/Texts/Cassius_Dio/50*.html and 56*.html ; P3 Rome history narrative (A History of Rome - From the Kings to the Fall of Constantinople.md) (""on 2 September 31"")",,"Complete History Of The Roman Republic: Actium in ""the Gulf of Corinth"" and war declared ""on Antony and Cleopatra"" (both wrong)",
R07,Rome,Octavian receives the name Augustus,16 January 27 BC,-26,-26,A,rome,"After handing back his extraordinary powers, Octavian is voted the name Augustus (""revered one"") and a set of provinces: the start of the principate.",Luke 2:1,History-Rome/The ENTIRE History of Rome Explained,VERIFIED,P1; P3,"P1 Cassius Dio 53.16 (name voted, year of Caesar VII and Agrippa III = 27 BC) at https://penelope.uchicago.edu/Thayer/E/Roman/Texts/Cassius_Dio/53*.html ; day: P3 Rome history narrative (A History of Rome - From the Kings to the Fall of Constantinople.md) (""On 16 January 27 BC it voted him a new name"")",,,The day rests on P3; the year on P1.
R08,Rome,Herod begins rebuilding the Temple,DISPUTED: 20/19 BC (Herod's 18th year) vs 23/22 BC (15th year),-22,-18,B,second-temple; rome,"Herod, Rome's client king, begins rebuilding and enlarging the Jerusalem Temple; work continued for decades (John 2:20: ""forty-six years"").",John 2:20,"History-Israel/The Incredible History of the Jewish Temple (""23 BC"")",DISPUTED,P1; P2,"P1 Josephus, Ant. 15.380 (""in the eighteenth year of his reign""; read locally and at https://lexundria.com/j_aj/15.380/wst ) and War 1.401 (""in the fifteenth year of his reign""; https://lexundria.com/j_bj/1.401-1.430/wst ); P2 BAS ""Herod's Roman Temple"" https://library.biblicalarchaeology.org/article/herods-roman-temple/ (Schürer: 20/19 BC, tied to Augustus's visit to Syria)",20/19 BC (Antiquities; Schürer; majority) | 23/22 BC (Jewish War),"The Incredible History of the Jewish Temple: ""23 BC"" stated as fact (minority-as-fact; it follows War 1.401, not an invention)",A dispute inside one author: Josephus disagrees with himself.
R09,Rome,Death of Herod the Great,DISPUTED: spring 4 BC (consensus) vs 1 BC (minority),-3,0,B/C,rome; second-temple,Herod dies at Jericho after a long illness; his kingdom is divided among three sons. Matthew places Jesus's birth before his death.,Matt 2:1; Matt 2:19,History-Israel/Judea Under Roman Rule; History-Israel/History of Ancient Israel Full DOCUMENTARY,DISPUTED,P1; P3,"P1 Josephus, Ant. 17.167 (an eclipse of the moon the night Matthias was burned; read locally); P3 Rome history Appendix C (Rix/History/A History of Rome - From the Kings to the Fall of Constantinople.md) (13 March 4 BC eclipse, reign-length counts, sons' reigns; Bernegger 1983 vs Filmer 1966, Steinmann 2009)",Spring 4 BC (eclipse of 13 March 4 BC; sons' regnal years) | 1 BC (eclipse of 10 January 1 BC; antedated reigns),,No P2 opened today; positions carried by P3 with named scholars.
R10,Rome,Judea annexed; census under Quirinius,AD 6/7,6,7,B,rome; second-temple,"Archelaus is deposed and Judea becomes a Roman province attached to Syria. Quirinius conducts a census, and Judas the Galilean leads resistance.",Acts 5:37; Luke 2:2,History-Israel/Judea Under Roman Rule,VERIFIED,P1; P3,"P1 Josephus, Ant. 18.1-2 (read: Cyrenius ""came himself into Judea, which was now added to the province of Syria,"" with Coponius); P1 Acts 5:37 (bible.db); P3 Rome history Appendix C (Rix/History/A History of Rome - From the Kings to the Fall of Constantinople.md) (Dio 55.27.6; Lapis Venetus)","Luke 2:2 places a census under Quirinius before Herod's death: most historians judge it an error (Schürer, Brown, Fitzmyer, Meier); harmonizations are minority positions (P3)",,The census date is verified; its relation to Luke 2:2 is a separate dispute row.
R11,Rome,Augustus dies; Tiberius succeeds,19 August AD 14,14,14,A,rome,Augustus dies at Nola; Tiberius takes his place. Luke dates John the Baptist's preaching to Tiberius's fifteenth year.,Luke 3:1,"History-Rome/The Complete History of Rome, Summarized",VERIFIED,P1; P3,"P1 Cassius Dio 56.30 (""the nineteenth day of August,"" consuls Apuleius and Pompeius) at https://penelope.uchicago.edu/Thayer/E/Roman/Texts/Cassius_Dio/56*.html ; Luke 3:1 conversion: P3 Rome history Appendix C (Rix/History/A History of Rome - From the Kings to the Fall of Constantinople.md) (fifteenth year = AD 28/29 on the normal count)","Luke 3:1's ""fifteenth year"": AD 28/29 (from AD 14) | AD 26/27 (from a co-regency, minority)",,The co-regency count was not confirmed on a fetched page today.
R12,Rome,"Pontius Pilate, prefect of Judea",AD 26-36/37,26,37,B,rome; second-temple,Pilate governs Judea for about ten years until Vitellius sends him to Rome; Tiberius dies before he arrives. A stone from Caesarea names him prefect.,Luke 3:1; Luke 13:1,History-Israel/Judea Under Roman Rule,VERIFIED,P1; P3,"P1 Josephus, Ant. 18.89 (read: ""when he had tarried ten years in Judea ... before he could get to Rome Tiberius was dead""); Pilate Stone (""[PRAEF]ECTUS IUDA[EA]E"") via Wikipedia pointer; P3 Rome history Appendix C (Rix/History/A History of Rome - From the Kings to the Fall of Constantinople.md)",Daniel Schwartz's redating of his arrival to c. 19 (few followers; P3),,Tiberius died 16 March 37 (P3).
R13,Rome,Crucifixion of Jesus,DISPUTED: Friday 7 April AD 30 vs Friday 3 April AD 33 (envelope AD 29-34),29,34,C,rome; second-temple; church,"Jesus is crucified under Pilate at Passover, on a Friday. Only two years in Pilate's term have 14 Nisan on a Friday.",John 19:31; Mark 15:42; Luke 3:23,History-Israel/Judea Under Roman Rule; History-Israel/1st Century Israel Judaea,DISPUTED,P3,"P3 Controversy Lab #18 VERDICT (Rix/Controversy Lab/18 - Dating the Crucifixion and the Wednesday Cross/07 - VERDICT.md): Friday 0.93; 14 Nisan 0.80; AD 33 over AD 30 at 0.60 ""a genuine lean, not a settled result""; P3 Rome history Appendix C (Rix/History/A History of Rome - From the Kings to the Fall of Constantinople.md) (Fotheringham 1934; Humphreys-Waddington 1983; Schaefer 1990; Bond 2013)","AD 30 (Meier, Brown) | AD 33 (Hoehner, Finegan, Humphreys); Larry's lean: AD 33 at 0.60, a lean, never consensus; FAILS: Wednesday crucifixion (rejected); ""blood moon"" clincher (retired, 0.20)",,No P2 page opened today; both positions are carried with named scholars by P3.
R14,Rome,Caligula orders his statue set up in the Temple,late 39 or 40 to January 41; Caligula killed 24 January AD 41,39,41,B,rome; second-temple,"Gaius orders the Syrian legate Petronius to install his statue in Jerusalem's Temple; Petronius stalls, and the emperor's murder ends the crisis.",,History-Rome/Who Were The Greatest Caesars (Robinson),VERIFIED,P1; P3,"P1 Suetonius, Caligula 58 (""ninth day before the Kalends of February"") at https://penelope.uchicago.edu/Thayer/E/Roman/Texts/Suetonius/12Caesars/Caligula*.html ; P1 Josephus, War 2.184 (Petronius sent with legions) via Perseus; P1 Philo, Embassy to Gaius (Yonge; primary_evidence.db, Petronius passage present); order date: P3 Rome history Appendix C (Rix/History/A History of Rome - From the Kings to the Fall of Constantinople.md)",,"Who Were The Greatest Caesars: tells the crisis without Petronius, Agrippa or the reversal (omission; Rome App B)",
R15,Rome,Death of Agrippa I at Caesarea,AD 44,44,44,B,rome; second-temple; church,"Herod Agrippa I, king of Judea under Claudius, collapses at games in Caesarea and dies days later. Acts 12 tells the same scene.",Acts 12:21; Acts 12:23,History-Israel/Judea Under Roman Rule,VERIFIED,P1; P3,"P1 Josephus, Ant. 19.350 (read: died ""in the fifty-fourth year of his age, and in the seventh year of his reign ... three years under the reign of Claudius""); P3 Rome history Appendix C (Rix/History/A History of Rome - From the Kings to the Fall of Constantinople.md)",,,"Claudius acceded January 41, so three years under him lands in 44."
R16,Rome,Claudius acts against the Jews of Rome,DISPUTED: AD 49 (expulsion) vs AD 41 (assembly ban); undated in Suetonius,41,49,B/C,rome; church,"Suetonius says Claudius expelled Jews who kept rioting ""at the instigation of Chrestus."" Acts 18:2 says Aquila and Priscilla had left Rome because of an order from Claudius.",Acts 18:2,(no transcript covers it; lead from Larry's Rome history),DISPUTED,P1; P3,"P1 Suetonius, Claudius 25.4 at https://penelope.uchicago.edu/Thayer/E/Roman/Texts/Suetonius/12Caesars/Claudius*.html ; P1 Cassius Dio 60.6.6 (in 41 he ""did not drive them out"" but banned meetings) at https://penelope.uchicago.edu/Thayer/E/Roman/Texts/Cassius_Dio/60*.html ; Orosius 7.6.15 (ninth year = 49) not opened; P3 Rome history Appendix C (Rix/History/A History of Rome - From the Kings to the Fall of Constantinople.md)","AD 49 expulsion (Orosius; most) | AD 41 (Dio: a ban on meetings, not an expulsion) | undetermined (Slingerland)",,41 vs 49 is not expulsion vs expulsion: Dio describes a different measure.
R17,Rome,Gallio proconsul of Achaia; Paul before him at Corinth,AD 51-52,51,52,B,rome; church,A letter of Claudius inscribed at Delphi names Gallio as proconsul; Acts says Paul was brought before him at Corinth. It is the firmest date in Paul's life.,Acts 18:12,(no transcript covers it; lead from Larry's histories),VERIFIED,P2; P3,"P2-lite Bryan Windle, Bible Archaeology Report https://biblearchaeologyreport.com/2019/10/31/gallio-an-archaeological-biography/ (26th acclamation, Jan-Aug 52; after Steinmann 2011); P3 Rome history Appendix C (Rix/History/A History of Rome - From the Kings to the Fall of Constantinople.md) (Delphi inscription; Seneca, Letters 104.1)",Term July 51-June 52 (most) vs a year later (possible),,The inscription itself was not opened today.
R18,Rome,Great Fire of Rome; Nero blames the Christians,from the night of 18/19 July AD 64,64,64,A,rome; church,"Fire burns much of Rome for days. Tacitus says Nero, to end the rumor that he caused it, blamed and executed Christians.",,"History-Rome/Who Were The Greatest Caesars (Robinson); History-Rome/The Complete History of Rome, Summarized; History-Rome/The ENTIRE History of Rome Explained",VERIFIED,P1; P3,"P1 Tacitus, Annals 15.38-44 at https://penelope.uchicago.edu/Thayer/E/Roman/Texts/Tacitus/Annals/15B*.html (Nero at Antium; rumor that he sang of Troy; Christus executed under Pilate); P1 Suetonius, Nero 38 (sang ""the Sack of Ilium"" from the tower of Maecenas); P3 Rome history Appendix C (Rix/History/A History of Rome - From the Kings to the Fall of Constantinople.md)",Brent Shaw (2015): the persecution is a later construction | most historians (Jones 2017) defend Tacitus (P3),"Who Were The Greatest Caesars: opens on ""fiddling while Rome burns"" (the film itself treats it as legend; no ancient source mentions a fiddle)",The 18/19 July date is an editor's note on the fetched page and P3.
R19,Rome,The Jewish War begins,spring/summer AD 66 (Nero's twelfth year),66,66,B,rome; second-temple,"Florus seizes Temple funds, sacrifices for the emperor stop, and Cestius Gallus's relief army is routed at Beth-Horon in November.",Luke 21:20,History-Israel/1st Century Israel Judaea; History-Israel/The Great Revolt & The Siege of Masada; History-Rome/The Untold Story Of Emperor Vespasian,VERIFIED,P1; P3,"P1 Josephus, Ant. 20.257 (read: ""this war began in the second year of the government of Florus, and the twelfth year of the reign of Nero""); P1 War 3.316 (Jotapata's 47th day) via Perseus; P3 Rome history Appendix C (Rix/History/A History of Rome - From the Kings to the Fall of Constantinople.md)",,"1st Century Israel Judaea: the governor attacked the Temple ""in 67 AD"" (wrong: 66); The Untold Story Of Emperor Vespasian: Jotapata ""40 days"" (Josephus: 47)",
R20,Rome,Year of the Four Emperors,Nero dies 9 June 68; Vespasian acclaimed 1 July 69 (Alexandria),68,69,A,rome,"Nero's suicide sets off civil war: Galba, Otho and Vitellius fall in turn, and the eastern legions proclaim Vespasian, then fighting in Judea.",,History-Rome/The Untold Story Of Emperor Vespasian; History-Rome/The ENTIRE History of Rome Explained; History-Rome/How Rome Forged an Epic Empire,VERIFIED,P1; P3,"P1 Suetonius, Vespasian 6 (oath ""on the Kalends of July""; Judean army ""the fifth day before the Ides of July"") at https://penelope.uchicago.edu/Thayer/E/Roman/Texts/Suetonius/12Caesars/Vespasian*.html ; Nero's death date: P3 Rome history narrative (A History of Rome - From the Kings to the Fall of Constantinople.md); Wikipedia pointer",Judean acclamation 3 July (Tacitus) vs 11 July (Suetonius) (P3),"How Rome Forged an Epic Empire: Nero's death given as ""69 A.D."" (wrong: June 68)",
R21,Rome,Second Temple burned,"10 Lous (Av), AD 70 (August)",70,70,A,rome; second-temple; church,"Titus's army takes the Temple and it burns, on the same day of the month, Josephus notes, as the Babylonian burning.",Luke 21:20; Matt 24:2,History-Israel/The Great Revolt & The Siege of Masada; History-Israel/Judea Under Roman Rule; History-Israel/The Incredible History of the Jewish Temple; History-Rome/The Untold Story Of Emperor Vespasian,VERIFIED,P1; P2,"P1 Josephus, War 6.250 (Whiston: ""the tenth day of the month Lous, [Ab,] upon which it was formerly burnt by the king of Babylon"") at https://lexundria.com/j_bj/6.220-6.270/wst ; P2-lite Livius https://www.livius.org/articles/concept/roman-jewish-wars/roman-jewish-wars-5/ ; P3 Rome history Appendix C (Rix/History/A History of Rome - From the Kings to the Fall of Constantinople.md)",,"primary_evidence.db ane_texts ""Jewish War VI"": ""9th of Av"" (the later rabbinic commemoration, not Josephus's date)",Julian equivalent c. 4-6 or 29-30 August depending on reckoning (P3).
R22,Rome,Masada falls,DISPUTED: spring AD 73 vs spring AD 74 (15 Xanthicus),73,74,B/C,rome; second-temple,The last rebel stronghold falls to Flavius Silva's legion after a siege ramp is built; Josephus says the defenders killed themselves first.,,History-Israel/The Great Revolt & The Siege of Masada (73); History-Israel/Judea Under Roman Rule (73); History-Israel/The Buried Biblical Mysteries Of The Holy Land,DISPUTED,P1; P2; P3,"P1 Josephus, War 7.401 (""the fifteenth day of the month Xanthicus"") at https://cojs.org/Josephus-_War_VII-_252-404-_The_Siege_of_Masada/ ; P2-lite Livius (coins of 73 on the summit make 74 ""much more plausible"") https://www.livius.org/articles/concept/roman-jewish-wars/roman-jewish-wars-5/ ; P3 Rome history Appendix C (Rix/History/A History of Rome - From the Kings to the Fall of Constantinople.md) (Eck 1969 from Silva's career inscription; Campbell 1988 for 73; Cotton 1989, Magness 2019 for 74)",AD 73 (traditional; Campbell) | AD 74 (Eck; Cotton; Magness),"All transcripts state 73 alone (dispute stated as fact); The Buried Biblical Mysteries: the Sicarii ""took Masada ... in 73"" (wrong: they seized it in 66)",Eck's inscription argument is carried by P3; not opened today.
R23,Rome,Vesuvius buries Pompeii and Herculaneum,DISPUTED: 24 August AD 79 vs 24 October AD 79,79,79,A/B,rome,"Vesuvius erupts in Titus's first year, burying Pompeii, Herculaneum and Stabiae; Pliny the Younger's two letters are the eyewitness account.",,"History-Rome/The ENTIRE History of Rome Explained (August); History-Rome/The Complete History of Rome, Summarized",DISPUTED,P2; P3,"P2 Archaeology magazine https://www.archaeology.org/news/2018/10/16/181016-pompeii-date-inscription/ (charcoal inscription of mid-October; autumn fruits); P3 Rome history narrative (A History of Rome - From the Kings to the Fall of Constantinople.md) (""24 October is now the more likely date"")","24 August (manuscripts of Pliny, Letters 6.16) | 24 October (variant reading; the 2018 graffito as terminus post quem; autumn evidence)",,Pliny's manuscript readings were not confirmed on a reliable page today.
R24,Rome,The Colosseum (Flavian Amphitheater) built,begun c. AD 70-72; dedicated AD 80,70,80,B,rome; second-temple,Vespasian begins a great amphitheater on the site of Nero's lake; Titus dedicates it with games in 80. Its reconstructed dedication says it was paid for from war spoils.,,History-Rome/How Rome Forged an Epic Empire,P3-ONLY,P3,"P3 Rome history narrative (A History of Rome - From the Kings to the Fall of Constantinople.md); Wikipedia ""Colosseum"" as pointer; Alföldy's reconstructed ""[ex] manubi(i)s"" quoted on a blog (not P2); P1 Josephus War 6.420 (97,000 captives in all) via Perseus",,"How Rome Forged an Epic Empire: ""12,000 Jewish captives"" built it, funded by ""the sale of precious relics"" (no ancient source for 12,000; the inscription says war spoils, not sale of relics)","Josephus's 97,000 is the whole war's captives, not a Colosseum workforce."
R25,Rome,Pliny's letter to Trajan on the Christians,c. AD 111-112 (Bithynia-Pontus),110,112,C,rome; church,"Pliny, governing Bithynia-Pontus, asks Trajan how to try people accused of being Christians; Trajan answers that they are not to be hunted out.",,(no transcript covers it),P3-ONLY,P3,"P3 Rome history Appendix C (Rix/History/A History of Rome - From the Kings to the Fall of Constantinople.md) (Pliny, Letters 10.96-97; Sherwin-White 1966); Dickinson College Commentaries 10.96 opened (Latin text; no date given)",Governorship start 109/110 vs 110/111,,
R26,Rome,Bar Kokhba revolt,AD 132 to late 135 or early 136,132,136,B,rome; second-temple; church,"After Hadrian founds Aelia Capitolina, Judea rises under Simon bar Kosiba. The war ends at Betar; Jews are barred from Jerusalem.",,"History-Israel/The Buried Biblical Mysteries Of The Holy Land; History-Israel/The ENTIRE History of the Jews; History-Israel/Jerusalem History Documentary; History-Israel/AI Just Decoded the Dead Sea Scrolls (""around35 CE"")",VERIFIED,P1; P3,"P1 Eusebius, Church History 4.6 (NPNF; Betar in Hadrian's eighteenth year = 134/135; the city renamed Aelia) https://www.newadvent.org/fathers/250104.htm ; P1 Cassius Dio 69.12-14 (Aelia provokes the revolt) at https://penelope.uchicago.edu/Thayer/E/Roman/Texts/Cassius_Dio/69*.html ; P3 Rome history Appendix C (Rix/History/A History of Rome - From the Kings to the Fall of Constantinople.md) (Eck 1999 from military diplomas; Aelia c. 130 from coins)",End: late 135 vs early 136,"AI Just Decoded the Dead Sea Scrolls: ""around 35 CE"" (caption garble for 135); The Great Revolt & The Siege of Masada: Hadrian rebuilt Jerusalem ""at the beginning of the second century"" (imprecise: c. 130)",
R27,Rome,Constantine wins at the Milvian Bridge; the 313 letter on toleration,28 October 312; 313,312,313,A/B,rome; church,"Constantine defeats Maxentius outside Rome. The next year he and Licinius issue instructions restoring Christian property and granting freedom of worship: a letter, not an edict issued at Milan.",,"History-Rome/Europe in the Wake of the Fall of Rome; History-Rome/The Complete History of Rome, Summarized; History-Rome/The ENTIRE History of Rome Explained; History-Rome/The Most Disastrous Emperors (mislabeled)",P3-ONLY,P3,"P3 Rome history narrative (A History of Rome - From the Kings to the Fall of Constantinople.md) Part X (""28 October 312""; ""Edict,"" ""Milan"" and ""legalized"" each inaccurate); Lactantius, Deaths of the Persecutors 44 and 48: New Advent and CCEL pages opened but truncated before those chapters; Wikipedia pointer",,"The Most Disastrous Emperors: an ""edict of toleration"" (Rome App A: a letter, per Lactantius 48)",
R28,Rome,Council of Nicaea,opened May or June 325 (20 May and 19 June both transmitted); closed c. 25 August,325,325,B,rome; church,Constantine summons bishops to Nicaea in Bithynia; the council issues a creed against Arius and rules on the date of Easter.,,History-Rome/The Most Disastrous Emperors (mislabeled),P3-ONLY,P3,"P3 Rome history narrative (A History of Rome - From the Kings to the Fall of Constantinople.md) (""Nicaea, 325""); Socrates, Church History 1.13 (New Advent) opened but truncated before the date",Opening date: 20 May vs 19 June,,
R29,Rome,Alaric's Goths sack Rome,24 August 410,410,410,A,rome; europe-after-rome,"Visigoths under Alaric enter Rome by the Salarian Gate and plunder it for three days, the first sack by a foreign enemy in eight centuries.",,"History-Rome/Europe in the Wake of the Fall of Rome; History-Rome/The Complete History of Rome, Summarized; History-Rome/The ENTIRE History of Rome Explained",P3-ONLY,P3,"P3 Rome history narrative (A History of Rome - From the Kings to the Fall of Constantinople.md) (""On 24 August 410 Alaric's men entered Rome by the Salarian Gate""); Wikipedia pointer",,"Europe in the Wake of the Fall of Rome: ""the empire falls"" in 410, marvels ""burned to the ground"" (overclaim; Rome App A)",
R30,Rome,Odoacer deposes Romulus Augustulus,4 September 476,476,476,A,rome; europe-after-rome,"The general Odoacer deposes the boy emperor and sends the western regalia to Constantinople. Whether this ""ends"" the Western Empire is debated: Julius Nepos, still recognized in the east, lived until 480.",,"History-Rome/The Complete History of Rome, Summarized",VERIFIED,P2; P3,"P2-lite EBSCO Research Starter ""Last Roman Emperor Is Deposed"" https://www.ebsco.com/research-starters/history/last-roman-emperor-deposed (""September 4, 476""); P3 Rome history narrative (A History of Rome - From the Kings to the Fall of Constantinople.md) (Zeno equivocated because of Nepos)","Meaning, not date: 476 (traditional end) | 480 (death of Julius Nepos)",Europe in the Wake of the Fall of Rome: omits 476 entirely (Rome App B),
S01,Synchronism,Wang Mang's Xin dynasty interrupts the Han (China),AD 9-23,9,23,B,china,Wang Mang takes the throne and founds the Xin dynasty; it falls in 23 and the Han is restored. Synchronism: Judea becomes a province (AD 6) and Jesus grows up in Nazareth.,Luke 2:42,(not in the seed transcripts),UNVERIFIED,P4 only,"Wikipedia ""Xin dynasty"" opened (P4 pointer); Britannica ""Wang Mang"" returned 403",,,Does not ship until a P1 (Han shu) or P2 source is opened. The rule working as intended.
S02,Synchronism,Gan Ying sent toward Da Qin (the Roman world),AD 97,97,97,B,china; silk-road; rome,"The Han general Ban Chao sends Gan Ying west toward ""Da Qin."" He reaches the Persian Gulf region and turns back after warnings about the long sea voyage. Synchronism: Nerva's accession (96) and, by most datings, 1 Clement.",,(not in the seed transcripts),VERIFIED,P1,"P1 Hou Hanshu, ""Western Regions,"" section 10, tr. John E. Hill (2003) https://depts.washington.edu/silkroad/texts/hhshu/hou_han_shu.html (""In the ninth yongyuan year [97 CE] ... Ban Chao sent Gan Ying to Da Qin"")",Where Gan Ying turned back (Tiaozhi = Characene is usual),,He never reached Rome; the record must not say he did.
S03,Synchronism,"Envoys ""from Andun, king of Da Qin,"" reach the Han court",AD 166,166,166,B,china; rome,"The Hou Hanshu records envoys from the king of Da Qin, ""Andun"" (Antoninus), arriving by sea via Rinan with ivory, rhinoceros horn and tortoise shell. Synchronism: Marcus Aurelius; the Antonine Plague.",,(not in the seed transcripts),DISPUTED,P1,"P1 Hou Hanshu section 12, tr. Hill (same URL) (""In the ninth yanxi year [166 CE] ... the king of Da Qin ... Andun ... sent envoys""); Wikipedia ""Sino-Roman relations"" opened as pointer to de Crespigny and others","Official embassy | private merchants claiming to be envoys (de Crespigny and others; P2 not opened); ""Andun"" = Antoninus Pius (d. 161) or Marcus Aurelius",,
S04,Synchronism,Ashoka's Rock Edict XIII names five Greek kings (India),c. 260-250 BC (conventional),-259,-249,B/C,india; hellenistic,"The Mauryan emperor Ashoka records his dhamma (righteous conduct) envoys to Antiochus and to four kings beyond him: Ptolemy, Antigonus, Magas and Alexander. Synchronism: the Ptolemaic court in whose reign tradition sets the Greek Pentateuch.",,(not in the seed transcripts),DISPUTED,P1,"P1 Rock Edict XIII in translation at https://www.cs.colostate.edu/~malaiya/ashoka.html (names ""Antiochos ... Ptolemy, Antigonos, Magas and Alexander""); Wikipedia ""Major Rock Edicts"" and ""Edicts of Ashoka"" as pointers",Ptolemy II (285-246) vs Ptolemy III (246-222); Alexander of Epirus vs of Corinth; the edict's exact year,,The inscription gives no ordinals; identifications are inference. The Letter of Aristeas story is legend; Demetrius the Chronographer (c. 220 BC) is the firm witness to the Greek Pentateuch (P3).
S05,Synchronism,Kush and Rome at war; the Kandake's envoys at Samos,c. 25-21 BC,-24,-20,B,kush; rome; egypt,"Kushite forces raid Roman Egypt; the prefect Petronius strikes back as far as Napata; the queen's envoys reach Augustus at Samos and he cancels the tribute. ""Kandake"" is a royal title, the ""Candace"" of Acts 8:27 two generations later.",Acts 8:27,(not in the seed transcripts),VERIFIED,P1; P1,"P1 Strabo, Geography 17.1.54 (Loeb, H. L. Jones; LacusCurtius one-asterisk page, public domain) https://penelope.uchicago.edu/Thayer/E/Roman/Texts/Strabo/17A3*.html (""Queen Candace, who was ruler of the Aethiopians in my time""; envoys at Samos; tributes remitted); P1 Acts 8:27 (bible.db)",Identifying Strabo's Candace with Amanirenas is scholarly inference (Wikipedia pointer; P2 not opened),,Exact years of the war vary (c. 25-22; peace c. 21/20).
S06,Synchronism,Ezana of Aksum turns to Christianity (Ethiopia),"DISPUTED: mid-330s to 340s (coins, inscriptions) vs tradition c. 324-330",324,349,B/G,aksum; church,"King Ezana's coins change from the crescent and disc to the cross, and his later inscriptions invoke the Christian God; tradition credits Frumentius. Synchronism: Constantine and Nicaea.",,(not in the seed transcripts),DISPUTED,P2,"P2-lite EBSCO Research Starter ""Ezana"" https://www.ebsco.com/research-starters/history/ezana/ (conversion ""probably not earlier than the mid-330s, more likely the 340s""); Wikipedia ""Ezana of Axum"" as pointer; Britannica 403",Mid-330s to 340s (numismatic and epigraphic) | c. 324-330 (church tradition),,Contemporary with Constantine only if before 337.
S07,Synchronism,Earliest Long Count dates (Mesoamerica),"36 BC (Chiapa de Corzo Stela 2, uncertain); 32 BC (Tres Zapotes Stela C)",-35,-31,B/D,mesoamerica,"Monuments in the Isthmus region carry dates in the Long Count calendar. Converted with the usual (GMT) correlation, the earliest fall in Herod's reign and the years of Actium.",,(not in the seed transcripts),UNVERIFIED,P4 only,"Wikipedia ""Mesoamerican Long Count calendar"" opened (P4 pointer)","Correlation constant (GMT 584,283 and alternatives) shifts every date",,"Needs an epigraphic P2. ""Olmec"" and similar names are modern labels; the makers' own names are unknown."
S08,Synchronism,Teotihuacan's Pyramid of the Sun built (Mesoamerica),DISPUTED: 1st century AD vs c. AD 170-310,1,310,D,mesoamerica,The great pyramid of the city later called Teotihuacan (a Nahua name; the builders' own is unknown) rises over a cave. Ceramics and radiocarbon disagree on when.,,(not in the seed transcripts),DISPUTED,P2,"P2 Sugiyama et al., Latin American Antiquity https://www.cambridge.org/core/journals/latin-american-antiquity/article/abs/inside-the-sun-pyramid-at-teotihuacan-mexico-20082011-excavations-and-preliminary-results/4232E8BB232F387DD12FF3516A9C4EA6 (pyramid AD 170-310); P2 Sload, Latin American Antiquity https://www.cambridge.org/core/journals/latin-american-antiquity/article/abs/when-was-the-sun-pyramid-built-maintaining-the-status-quo-at-teotihuacan-mexico/F64D19FA23F83D6157DB49CD5E22A1A8 (1st-century start)","1st century AD (Tzacualli ceramics; Sload) | AD 170-310 (Sugiyama et al., radiocarbon and ceramics)",,"""c. AD 200"" in popular sources is a compromise, not a finding."
S09,Synchronism,Hopewell earthworks (Indigenous North America),c. AD 1-400 (archaeological period),1,400,E,indigenous-north-america,Native American communities in the Ohio Valley build monumental geometric earthworks and share a wide exchange network. Synchronism: the whole New Testament and early church era.,,(not in the seed transcripts),VERIFIED,P2,"P2 National Park Service, Hopewell Culture NHP https://www.nps.gov/hocu/learn/historyculture/index.htm (""1 to 400 CE""; ""the term Hopewell describes a broad network of economic, political, and spiritual beliefs and practices among different Native American groups"")",Wider tradition range 100 BC-AD 500 in other sources (Wikipedia pointer),,"""Hopewell"" is an archaeologists' label (a farm owner's name), not the peoples' own name. Dating method not stated on the page."
S10,Synchronism,Tradition: the apostle Thomas in India; Roman trade with Muziris,Tradition: Thomas lands AD 52 (class G); trade: 1st-2nd centuries AD,40,200,G,india; church,Saint Thomas Christians hold that Thomas landed in Kerala in 52 and died in 72. The Acts of Thomas (3rd century) instead set him in the northwest under King Gondophares. Roman trade with the Malabar coast is the documented backdrop.,,(not in the seed transcripts),UNVERIFIED,P4 only,"Wikipedia ""Thomas the Apostle,"" ""Acts of Thomas,"" ""Muziris"" opened (P4 pointers)",Kerala tradition (AD 52) | Acts of Thomas (northwest India) | no visit (some historians),,Shown only as a class G tradition band if a P2 on the tradition is opened; never as a point date.
